drop all objects;

create table BRAND
(
    ID         BIGINT auto_increment,
    NAME       CHARACTER VARYING(100),
    CREATED_AT TIMESTAMP default CURRENT_TIMESTAMP,
    UPDATED_AT TIMESTAMP default CURRENT_TIMESTAMP,
    constraint BRAND_PK
        primary key (ID)
);

create table CATEGORY
(
    ID            BIGINT auto_increment,
    BRAND_ID      BIGINT,
    PRICE         INTEGER,
    CREATED_AT    TIMESTAMP default CURRENT_TIMESTAMP,
    UPDATED_AT    TIMESTAMP default CURRENT_TIMESTAMP,
    CATEGORY_TYPE CHARACTER VARYING(100),
    constraint CATEGORY_PK
        primary key (ID)
);

create table GOODS
(
    ID         BIGINT auto_increment,
    BRAND_NAME CHARACTER VARYING(1000),
    CATEGORY   VARCHAR(255),
    PRICE      INTEGER,
    CREATED_AT TIMESTAMP default CURRENT_TIMESTAMP,
    UPDATED_AT TIMESTAMP default CURRENT_TIMESTAMP,
    VERSION    INTEGER   default 0,
    constraint GOODS_PK
        primary key (ID)
);

insert into PUBLIC.GOODS (BRAND_NAME, CATEGORY, PRICE, CREATED_AT, UPDATED_AT, VERSION)
values ('A', 'TOPS', 11200, '2024-05-14 12:06:07.319829', '2024-05-14 12:06:07.319829', 0),
       ('A', 'OUTER', 5500, '2024-05-14 12:06:07.319829', '2024-05-14 12:06:07.319829', 0),
       ('A', 'PANTS', 4200, '2024-05-14 12:06:07.319829', '2024-05-14 12:06:07.319829', 0),
       ('A', 'SNEAKERS', 9000, '2024-05-14 12:06:07.319829', '2024-05-14 12:06:07.319829', 0),
       ('A', 'BAG', 2000, '2024-05-14 12:06:07.319829', '2024-05-14 12:06:07.319829', 0),
       ('A', 'HAT', 1700, '2024-05-14 12:06:07.319829', '2024-05-14 12:06:07.319829', 0),
       ('A', 'SOCKS', 1800, '2024-05-14 12:06:07.319829', '2024-05-14 12:06:07.319829', 0),
       ('A', 'ACCESSORY', 2300, '2024-05-14 12:06:07.319829', '2024-05-14 12:06:07.319829', 0),
       ('B', 'TOPS', 10500, '2024-05-14 12:31:04.705518', '2024-05-14 12:31:04.705518', 0),
       ('B', 'OUTER', 5900, '2024-05-14 12:31:04.705518', '2024-05-14 12:31:04.705518', 0),
       ('B', 'PANTS', 3800, '2024-05-14 12:31:04.705518', '2024-05-14 12:31:04.705518', 0),
       ('B', 'SNEAKERS', 9100, '2024-05-14 12:31:04.705518', '2024-05-14 12:31:04.705518', 0),
       ('B', 'BAG', 2100, '2024-05-14 12:31:04.705518', '2024-05-14 12:31:04.705518', 0),
       ('B', 'HAT', 2000, '2024-05-14 12:31:04.705518', '2024-05-14 12:31:04.705518', 0),
       ('B', 'SOCKS', 2000, '2024-05-14 12:31:04.705518', '2024-05-14 12:31:04.705518', 0),
       ('B', 'ACCESSORY', 2200, '2024-05-14 12:31:04.705518', '2024-05-14 12:31:04.705518', 0),
       ('C', 'TOPS', 10000, '2024-05-14 12:31:04.705518', '2024-05-14 12:31:04.705518', 0),
       ('C', 'OUTER', 6200, '2024-05-14 12:31:04.705518', '2024-05-14 12:31:04.705518', 0),
       ('C', 'PANTS', 3300, '2024-05-14 12:31:04.705518', '2024-05-14 12:31:04.705518', 0),
       ('C', 'SNEAKERS', 9200, '2024-05-14 12:31:04.705518', '2024-05-14 12:31:04.705518', 0),
       ('C', 'BAG', 2200, '2024-05-14 12:31:04.705518', '2024-05-14 12:31:04.705518', 0),
       ('C', 'HAT', 1900, '2024-05-14 12:31:04.705518', '2024-05-14 12:31:04.705518', 0),
       ('C', 'SOCKS', 2200, '2024-05-14 12:31:04.705518', '2024-05-14 12:31:04.705518', 0),
       ('C', 'ACCESSORY', 2100, '2024-05-14 12:31:04.705518', '2024-05-14 12:31:04.705518', 0),
       ('D', 'TOPS', 10100, '2024-05-14 12:31:04.705518', '2024-05-14 12:31:04.705518', 0),
       ('D', 'OUTER', 5100, '2024-05-14 12:31:04.705518', '2024-05-14 12:31:04.705518', 0),
       ('D', 'PANTS', 3000, '2024-05-14 12:31:04.705518', '2024-05-14 12:31:04.705518', 0),
       ('D', 'SNEAKERS', 9500, '2024-05-14 12:31:04.705518', '2024-05-14 12:31:04.705518', 0),
       ('D', 'BAG', 2500, '2024-05-14 12:31:04.705518', '2024-05-14 12:31:04.705518', 0),
       ('D', 'HAT', 1500, '2024-05-14 12:31:04.705518', '2024-05-14 12:31:04.705518', 0),
       ('D', 'SOCKS', 2400, '2024-05-14 12:31:04.705518', '2024-05-14 12:31:04.705518', 0),
       ('D', 'ACCESSORY', 2000, '2024-05-14 12:31:04.705518', '2024-05-14 12:31:04.705518', 0),
       ('E', 'TOPS', 10700, '2024-05-14 12:31:04.705518', '2024-05-14 12:31:04.705518', 0),
       ('E', 'OUTER', 5000, '2024-05-14 12:31:04.705518', '2024-05-14 12:31:04.705518', 0),
       ('E', 'PANTS', 3800, '2024-05-14 12:31:04.705518', '2024-05-14 12:31:04.705518', 0),
       ('E', 'SNEAKERS', 9900, '2024-05-14 12:31:04.705518', '2024-05-14 12:31:04.705518', 0),
       ('E', 'BAG', 2300, '2024-05-14 12:31:04.705518', '2024-05-14 12:31:04.705518', 0),
       ('E', 'HAT', 1800, '2024-05-14 12:31:04.705518', '2024-05-14 12:31:04.705518', 0),
       ('E', 'SOCKS', 2100, '2024-05-14 12:31:04.705518', '2024-05-14 12:31:04.705518', 0),
       ('E', 'ACCESSORY', 2100, '2024-05-14 12:31:04.705518', '2024-05-14 12:31:04.705518', 0),
       ('F', 'TOPS', 11200, '2024-05-14 12:31:04.705518', '2024-05-14 12:31:04.705518', 0),
       ('F', 'OUTER', 7200, '2024-05-14 12:31:04.705518', '2024-05-14 12:31:04.705518', 0),
       ('F', 'PANTS', 4000, '2024-05-14 12:31:04.705518', '2024-05-14 12:31:04.705518', 0),
       ('F', 'SNEAKERS', 9300, '2024-05-14 12:31:04.705518', '2024-05-14 12:31:04.705518', 0),
       ('F', 'BAG', 2100, '2024-05-14 12:31:04.705518', '2024-05-14 12:31:04.705518', 0),
       ('F', 'HAT', 1600, '2024-05-14 12:31:04.705518', '2024-05-14 12:31:04.705518', 0),
       ('F', 'SOCKS', 2300, '2024-05-14 12:31:04.705518', '2024-05-14 12:31:04.705518', 0),
       ('F', 'ACCESSORY', 1900, '2024-05-14 12:31:04.705518', '2024-05-14 12:31:04.705518', 0),
       ('G', 'TOPS', 10500, '2024-05-14 12:31:04.705518', '2024-05-14 12:31:04.705518', 0),
       ('G', 'OUTER', 5800, '2024-05-14 12:31:04.705518', '2024-05-14 12:31:04.705518', 0),
       ('G', 'PANTS', 3900, '2024-05-14 12:31:04.705518', '2024-05-14 12:31:04.705518', 0),
       ('G', 'SNEAKERS', 9000, '2024-05-14 12:31:04.705518', '2024-05-14 12:31:04.705518', 0),
       ('G', 'BAG', 2200, '2024-05-14 12:31:04.705518', '2024-05-14 12:31:04.705518', 0),
       ('G', 'HAT', 1700, '2024-05-14 12:31:04.705518', '2024-05-14 12:31:04.705518', 0),
       ('G', 'SOCKS', 2100, '2024-05-14 12:31:04.705518', '2024-05-14 12:31:04.705518', 0),
       ('G', 'ACCESSORY', 2000, '2024-05-14 12:31:04.705518', '2024-05-14 12:31:04.705518', 0),
       ('H', 'TOPS', 10800, '2024-05-14 12:34:37.627745', '2024-05-14 12:34:37.627745', 0),
       ('H', 'OUTER', 6300, '2024-05-14 12:34:37.627745', '2024-05-14 12:34:37.627745', 0),
       ('H', 'PANTS', 3100, '2024-05-14 12:34:37.627745', '2024-05-14 12:34:37.627745', 0),
       ('H', 'SNEAKERS', 9700, '2024-05-14 12:34:37.627745', '2024-05-14 12:34:37.627745', 0),
       ('H', 'BAG', 2100, '2024-05-14 12:34:37.627745', '2024-05-14 12:34:37.627745', 0),
       ('H', 'HAT', 1600, '2024-05-14 12:34:37.627745', '2024-05-14 12:34:37.627745', 0),
       ('H', 'SOCKS', 2000, '2024-05-14 12:34:37.627745', '2024-05-14 12:34:37.627745', 0),
       ('H', 'ACCESSORY', 2000, '2024-05-14 12:34:37.627745', '2024-05-14 12:34:37.627745', 0),
       ('I', 'TOPS', 11400, '2024-05-14 12:34:37.627745', '2024-05-14 12:34:37.627745', 0),
       ('I', 'OUTER', 6700, '2024-05-14 12:34:37.627745', '2024-05-14 12:34:37.627745', 0),
       ('I', 'PANTS', 3200, '2024-05-14 12:34:37.627745', '2024-05-14 12:34:37.627745', 0),
       ('I', 'SNEAKERS', 9500, '2024-05-14 12:34:37.627745', '2024-05-14 12:34:37.627745', 0),
       ('I', 'BAG', 2400, '2024-05-14 12:34:37.627745', '2024-05-14 12:34:37.627745', 0),
       ('I', 'HAT', 1700, '2024-05-14 12:34:37.627745', '2024-05-14 12:34:37.627745', 0),
       ('I', 'SOCKS', 1700, '2024-05-14 12:34:37.627745', '2024-05-14 12:34:37.627745', 0),
       ('I', 'ACCESSORY', 2400, '2024-05-14 12:34:37.627745', '2024-05-14 12:34:37.627745', 0);


insert into PUBLIC.BRAND (ID, NAME, CREATED_AT, UPDATED_AT)
values (1, 'A', '2024-05-29 11:33:56.586653', '2024-05-29 11:33:56.586653'),
       (2, 'B', '2024-05-29 11:33:56.586653', '2024-05-29 11:33:56.586653'),
       (3, 'C', '2024-05-29 11:33:56.586653', '2024-05-29 11:33:56.586653'),
       (4, 'D', '2024-05-29 11:33:56.586653', '2024-05-29 11:33:56.586653'),
       (5, 'E', '2024-05-29 11:33:56.586653', '2024-05-29 11:33:56.586653'),
       (6, 'F', '2024-05-29 11:33:56.586653', '2024-05-29 11:33:56.586653'),
       (7, 'G', '2024-05-29 11:33:56.586653', '2024-05-29 11:33:56.586653'),
       (8, 'H', '2024-05-29 11:33:56.586653', '2024-05-29 11:33:56.586653'),
       (9, 'I', '2024-05-29 11:33:56.586653', '2024-05-29 11:33:56.586653');

insert into PUBLIC.CATEGORY (ID, BRAND_ID, PRICE, CREATED_AT, UPDATED_AT, CATEGORY_TYPE)
values (1, 1, 11200, '2024-05-29 11:42:55.149064', '2024-05-29 11:42:55.149064', 'TOPS'),
       (2, 1, 5500, '2024-05-29 11:42:55.149064', '2024-05-29 11:42:55.149064', 'OUTER'),
       (3, 1, 4200, '2024-05-29 11:42:55.149064', '2024-05-29 11:42:55.149064', 'PANTS'),
       (4, 1, 9000, '2024-05-29 11:42:55.149064', '2024-05-29 11:42:55.149064', 'SNEAKERS'),
       (5, 1, 2000, '2024-05-29 11:42:55.149064', '2024-05-29 11:42:55.149064', 'BAG'),
       (6, 1, 1700, '2024-05-29 11:42:55.149064', '2024-05-29 11:42:55.149064', 'HAT'),
       (7, 1, 1800, '2024-05-29 11:42:55.149064', '2024-05-29 11:42:55.149064', 'SOCKS'),
       (8, 1, 2300, '2024-05-29 11:42:55.149064', '2024-05-29 11:42:55.149064', 'ACCESSORY'),
       (9, 2, 10500, '2024-05-29 11:42:55.149064', '2024-05-29 11:42:55.149064', 'TOPS'),
       (10, 2, 5900, '2024-05-29 11:42:55.149064', '2024-05-29 11:42:55.149064', 'OUTER'),
       (11, 2, 3800, '2024-05-29 11:42:55.149064', '2024-05-29 11:42:55.149064', 'PANTS'),
       (12, 2, 9100, '2024-05-29 11:42:55.149064', '2024-05-29 11:42:55.149064', 'SNEAKERS'),
       (13, 2, 2100, '2024-05-29 11:42:55.149064', '2024-05-29 11:42:55.149064', 'BAG'),
       (14, 2, 2000, '2024-05-29 11:42:55.149064', '2024-05-29 11:42:55.149064', 'HAT'),
       (15, 2, 2000, '2024-05-29 11:42:55.149064', '2024-05-29 11:42:55.149064', 'SOCKS'),
       (16, 2, 2200, '2024-05-29 11:42:55.149064', '2024-05-29 11:42:55.149064', 'ACCESSORY'),
       (17, 3, 10000, '2024-05-29 11:42:55.149064', '2024-05-29 11:42:55.149064', 'TOPS'),
       (18, 3, 6200, '2024-05-29 11:42:55.149064', '2024-05-29 11:42:55.149064', 'OUTER'),
       (19, 3, 3300, '2024-05-29 11:42:55.149064', '2024-05-29 11:42:55.149064', 'PANTS'),
       (20, 3, 9200, '2024-05-29 11:42:55.149064', '2024-05-29 11:42:55.149064', 'SNEAKERS'),
       (21, 3, 2200, '2024-05-29 11:42:55.149064', '2024-05-29 11:42:55.149064', 'BAG'),
       (22, 4, 10100, '2024-05-29 11:42:55.149064', '2024-05-29 11:42:55.149064', 'TOPS'),
       (23, 4, 5100, '2024-05-29 11:42:55.149064', '2024-05-29 11:42:55.149064', 'OUTER'),
       (24, 4, 3000, '2024-05-29 11:42:55.149064', '2024-05-29 11:42:55.149064', 'PANTS'),
       (25, 4, 9500, '2024-05-29 20:42:01.000000', '2024-05-29 11:42:55.149064', 'SNEAKERS'),
       (26, 4, 2500, '2024-05-29 11:42:55.149064', '2024-05-29 11:42:55.149064', 'BAG'),
       (27, 4, 1500, '2024-05-29 11:42:55.149064', '2024-05-29 11:42:55.149064', 'HAT'),
       (28, 4, 2400, '2024-05-29 11:42:55.149064', '2024-05-29 11:42:55.149064', 'SOCKS'),
       (29, 4, 2000, '2024-05-29 11:42:55.149064', '2024-05-29 11:42:55.149064', 'ACCESSORY'),
       (30, 5, 10700, '2024-05-29 12:23:51.636123', '2024-05-29 12:23:51.636123', 'TOPS'),
       (31, 5, 5000, '2024-05-29 12:23:51.636123', '2024-05-29 12:23:51.636123', 'OUTER'),
       (32, 5, 3800, '2024-05-29 12:23:51.636123', '2024-05-29 12:23:51.636123', 'PANTS'),
       (33, 5, 9900, '2024-05-29 12:23:51.636123', '2024-05-29 12:23:51.636123', 'SNEAKERS'),
       (34, 5, 2300, '2024-05-29 12:23:51.636123', '2024-05-29 12:23:51.636123', 'BAG'),
       (35, 5, 1800, '2024-05-29 12:23:51.636123', '2024-05-29 12:23:51.636123', 'HAT'),
       (36, 5, 2100, '2024-05-29 12:23:51.636123', '2024-05-29 12:23:51.636123', 'SOCKS'),
       (37, 5, 2100, '2024-05-29 12:23:51.636123', '2024-05-29 12:23:51.636123', 'ACCESSORY'),
       (38, 6, 11200, '2024-05-29 12:23:51.636123', '2024-05-29 12:23:51.636123', 'TOPS'),
       (39, 6, 7200, '2024-05-29 12:23:51.636123', '2024-05-29 12:23:51.636123', 'OUTER'),
       (40, 6, 4000, '2024-05-29 12:23:51.636123', '2024-05-29 12:23:51.636123', 'PANTS'),
       (41, 6, 9300, '2024-05-29 12:23:51.636123', '2024-05-29 12:23:51.636123', 'SNEAKERS'),
       (42, 6, 2100, '2024-05-29 12:23:51.636123', '2024-05-29 12:23:51.636123', 'BAG'),
       (43, 6, 1600, '2024-05-29 12:23:51.636123', '2024-05-29 12:23:51.636123', 'HAT'),
       (44, 6, 2300, '2024-05-29 12:23:51.636123', '2024-05-29 12:23:51.636123', 'SOCKS'),
       (45, 6, 1900, '2024-05-29 12:23:51.636123', '2024-05-29 12:23:51.636123', 'ACCESSORY'),
       (46, 7, 10500, '2024-05-29 12:23:51.636123', '2024-05-29 12:23:51.636123', 'TOPS'),
       (47, 7, 5800, '2024-05-29 12:23:51.636123', '2024-05-29 12:23:51.636123', 'OUTER'),
       (48, 7, 3900, '2024-05-29 12:23:51.636123', '2024-05-29 12:23:51.636123', 'PANTS'),
       (49, 7, 9000, '2024-05-29 12:23:51.636123', '2024-05-29 12:23:51.636123', 'SNEAKERS'),
       (50, 7, 2200, '2024-05-29 12:23:51.636123', '2024-05-29 12:23:51.636123', 'BAG'),
       (51, 7, 1700, '2024-05-29 12:23:51.636123', '2024-05-29 12:23:51.636123', 'HAT'),
       (52, 7, 2100, '2024-05-29 12:23:51.636123', '2024-05-29 12:23:51.636123', 'SOCKS'),
       (53, 7, 2000, '2024-05-29 12:23:51.636123', '2024-05-29 12:23:51.636123', 'ACCESSORY'),
       (54, 8, 10800, '2024-05-29 12:23:51.636123', '2024-05-29 12:23:51.636123', 'TOPS'),
       (55, 8, 6300, '2024-05-29 12:23:51.636123', '2024-05-29 12:23:51.636123', 'OUTER'),
       (56, 8, 3100, '2024-05-29 12:23:51.636123', '2024-05-29 12:23:51.636123', 'PANTS'),
       (57, 8, 9700, '2024-05-29 12:23:51.636123', '2024-05-29 12:23:51.636123', 'SNEAKERS'),
       (58, 8, 2100, '2024-05-29 12:23:51.636123', '2024-05-29 12:23:51.636123', 'BAG'),
       (59, 8, 1600, '2024-05-29 12:23:51.636123', '2024-05-29 12:23:51.636123', 'HAT'),
       (60, 8, 2000, '2024-05-29 12:23:51.636123', '2024-05-29 12:23:51.636123', 'SOCKS'),
       (61, 8, 2000, '2024-05-29 12:23:51.636123', '2024-05-29 12:23:51.636123', 'ACCESSORY'),
       (62, 9, 11400, '2024-05-29 12:23:51.636123', '2024-05-29 12:23:51.636123', 'TOPS'),
       (63, 9, 6700, '2024-05-29 12:23:51.636123', '2024-05-29 12:23:51.636123', 'OUTER'),
       (64, 9, 3200, '2024-05-29 12:23:51.636123', '2024-05-29 12:23:51.636123', 'PANTS'),
       (65, 9, 9500, '2024-05-29 12:23:51.636123', '2024-05-29 12:23:51.636123', 'SNEAKERS'),
       (66, 9, 2400, '2024-05-29 12:23:51.636123', '2024-05-29 12:23:51.636123', 'BAG'),
       (67, 9, 1700, '2024-05-29 12:23:51.636123', '2024-05-29 12:23:51.636123', 'HAT'),
       (68, 9, 1700, '2024-05-29 12:23:51.636123', '2024-05-29 12:23:51.636123', 'SOCKS'),
       (69, 9, 2400, '2024-05-29 12:23:51.636123', '2024-05-29 12:23:51.636123', 'ACCESSORY'),
       (70, 3, 1900, '2024-05-29 13:03:45.542455', '2024-05-29 13:03:45.542455', 'HAT'),
       (71, 3, 2200, '2024-05-29 13:03:45.542455', '2024-05-29 13:03:45.542455', 'SOCKS'),
       (72, 3, 2100, '2024-05-29 13:03:45.542455', '2024-05-29 13:03:45.542455', 'ACCESSORY');